post_vaccination,pre_vaccination,pct_change
144.53837837837838,115.63305322128852,24.9974590758002
53.582608695652176,16.899755501222494,217.061443236715
680.0586025544703,839.6705539358601,-19.008878021651103
