post_vaccination,pre_vaccination,pct_change
39909.62810810811,4261.484593837535,836.5193567945965
26393.509881422924,1016.5819070904646,2496.2993928313335
99992.0303712036,42402.08163265306,135.81868276533285
