country,metric,p_value
Germany,new_cases,3.0476912133181417e-10
Japan,new_cases,1.8496034047639724e-10
United States,new_cases,0.0003575340745935264
